id,nombre,descripcion
V01,Centro de Acopio Rio Seco,Deposito principal de la asociacion de recicladores; punto de partida de las rutas
V02,Punto Ceja (16 de Julio),Punto de acopio secundario en la zona de la Ceja de El Alto
V03,Punto Villa Adela,Punto de acopio en la zona Villa Adela
V04,Punto Senkata,Punto de acopio en la zona Senkata
V05,Punto Santiago II,Punto de acopio en la zona Santiago II
V06,Punto Ballivian,Punto de acopio en la zona Ballivian
V07,Punto Alto Lima,Punto de acopio en la zona Alto Lima
V08,Punto Rosas Pata,Punto de acopio en la zona Rosas Pata
V09,Punto San Roque,Punto de acopio en la zona San Roque
V10,Punto Amor de Dios,Punto de acopio en la zona Amor de Dios
V11,Punto Cosmos 79,Punto de acopio en la zona Cosmos 79
V12,Planta de Reciclaje El Alto,Destino final del material reciclable clasificado